{"cameraMode":{"drawMode":0,"name":"Shaded","section":"Shading Mode"},"sceneLighting":false,"audioPlay":false,"sceneViewState":{"m_AlwaysRefresh":false,"showFog":true,"showSkybox":true,"showFlares":true,"showImageEffects":true,"showParticleSystems":true,"showVisualEffectGraphs":true,"m_FxEnabled":true},"in2DMode":false,"pivot":{"x":1969.9832763671875,"y":-323.2205810546875,"z":110.46661376953125},"rotation":{"x":0.013151825405657292,"y":-0.9842607975006104,"z":0.1551036238670349,"w":0.08346321433782578},"size":1522.8114013671875,"orthographic":false}