{"cameraMode":{"drawMode":0,"name":"Shaded","section":"Shading Mode"},"sceneLighting":false,"audioPlay":false,"sceneViewState":{"m_AlwaysRefresh":false,"showFog":true,"showSkybox":true,"showFlares":true,"showImageEffects":true,"showParticleSystems":true,"showVisualEffectGraphs":true,"m_FxEnabled":true},"in2DMode":false,"pivot":{"x":0.0000023543834686279298,"y":1.2000000476837159,"z":0.575823187828064},"rotation":{"x":0.1861063539981842,"y":-0.404236763715744,"z":0.084387868642807,"w":0.8915138840675354},"size":5.037118911743164,"orthographic":false}