{"cameraMode":{"drawMode":0,"name":"Shaded","section":"Shading Mode"},"sceneLighting":false,"audioPlay":false,"sceneViewState":{"m_AlwaysRefresh":false,"showFog":true,"showSkybox":false,"showFlares":true,"showImageEffects":true,"showParticleSystems":true,"showVisualEffectGraphs":true,"m_FxEnabled":true},"in2DMode":false,"pivot":{"x":0.02271813154220581,"y":1.0274512767791749,"z":-0.052622854709625247},"rotation":{"x":-0.012229283340275288,"y":0.977971613407135,"z":-0.19957830011844636,"w":-0.05992579460144043},"size":1.5421181917190552,"orthographic":false}