{"cameraMode":{"drawMode":0,"name":"Shaded","section":"Shading Mode"},"sceneLighting":false,"audioPlay":false,"sceneViewState":{"m_AlwaysRefresh":false,"showFog":true,"showSkybox":false,"showFlares":true,"showImageEffects":true,"showParticleSystems":true,"showVisualEffectGraphs":true,"m_FxEnabled":true},"in2DMode":false,"pivot":{"x":-5.016470432281494,"y":1.6226418018341065,"z":7.3109660148620609},"rotation":{"x":-0.061679210513830188,"y":-0.9375517964363098,"z":0.26089125871658327,"w":-0.22170570492744447},"size":0.7122499942779541,"orthographic":false}