{"cameraMode":{"drawMode":0,"name":"Shaded","section":"Shading Mode"},"sceneLighting":true,"audioPlay":false,"sceneViewState":{"m_AlwaysRefresh":false,"showFog":true,"showSkybox":true,"showFlares":true,"showImageEffects":true,"showParticleSystems":true,"showVisualEffectGraphs":true,"m_FxEnabled":true},"in2DMode":false,"pivot":{"x":-3.6727566719055177,"y":1.4557418823242188,"z":1.9623730182647706},"rotation":{"x":-0.05159163475036621,"y":0.9428051710128784,"z":-0.2797008752822876,"w":-0.17388789355754853},"size":7.981296062469482,"orthographic":false}